,pdb,ResCode,Exp,pred_full_all_residues,pred_full_Y_only,Rapid,SS,RelSASA,AltPosition,delta_total_energy,Hydrophobic-long,Polar-long,total-long
3,1A32,Y68,-0.44636616,0.447049967,-0.122459075,0.07264517,H,0.572072072,4,0.82705,39,35,115
4,1A32,Y77,1.214981742,2.324867315,2.145996733,2.5609286,H,0.261261261,3,3.68149,53,42,157
36,1GJS,Y34,1.34904104,0.932961546,1.149995042,1.4578813,H,0.626126126,4,1.7688,35,26,188
37,1GJS,Y39,0.468443511,0.490575702,0.831127118,0.32468504,H,0.671171171,1,0.2308,35,23,166
38,1GJS,Y40,1.564104876,0.922720559,0.902480547,0.8664947,H,0.427927928,2,0.858,51,35,253
95,1O6X,Y73,4.375161663,2.659888808,2.680296734,2.6054378,E,0.261261261,,2.4864,50,47,302
144,1TG0,Y41,3.362845041,3.30998611,3.232426085,2.9465013,E,0.04954955,,4.92571,79,61,210
145,1TG0,Y45,3.362845041,3.073955041,3.754509461,3.5551183,E,0.130630631,,5.96808,56,51,162
248,2BTT,Y1130,0.625597144,0.882504165,0.453728508,0.19633117,C,0.594594595,1,-0.00209,36,31,168
249,2BTT,Y1177,3.270293433,2.702768197,2.512211232,2.367886,H,0.315315315,2,3.35555,53,47,252
250,2BTT,Y1181,1.732623709,0.930072533,1.58047974,2.077793,C,0.342342342,,3.64689,44,36,213
268,2D1U,Y17,2.322098032,2.155858582,2.68382222,1.5836375,H,0.018018018,4,2.4448,65,65,388
269,2D1U,Y44,1.838326451,2.604988389,2.668664344,2.312853,C,0.364864865,,2.5736,37,45,242
345,2K5P,Y34,0.771777593,0.42764959,-0.215912392,0.04364252,C,0.743243243,2,0.4576,29,18,135
346,2K5P,Y64,0.8537118,0.072431389,-0.323588032,-0.19082461,C,0.932432432,,0.4826,29,16,118
364,2KFV,Y82,2.754004607,3.592113345,2.74006252,3.1511028,H,0.045045045,4,4.253161,79,53,374
412,2L2D,Y63,2.301182519,2.532655007,2.610288878,2.4244387,H,0.198198198,4,3.7646,45,45,290
517,2M2J,Y37,2.064302323,0.800201489,0.726979336,-0.08995697,C,0.463963964,0,0.65701,39,35,226
518,2M2J,Y69,2.081971858,2.289485855,1.999362922,1.4086689,E,0.301801802,,2.79045,59,46,314
519,2M2J,Y89,2.042841561,3.074196845,3.819713281,4.463209,E,0.036036036,,6.62015,64,56,350
528,2M2L,Y30,3.282775205,4.156519509,4.150148012,5.050324,E,0,,4.8705,67,59,401
529,2M2L,Y37,0.718009179,-0.145861702,-0.038482398,0.4361858,C,0.815315315,0,-0.0888,27,25,167
530,2M2L,Y54,2.018871428,1.201493897,2.515312674,2.9637363,C,0.072072072,0,5.6654,57,59,354
630,2O2W,Y859,3.885038569,3.50741858,3.625573991,4.113362,E,0.04954955,,4.94599,66,59,193
631,2O2W,Y876,1.880010861,1.789175839,2.417416419,2.459535,H,0.369369369,2,2.28866,59,40,144
658,2RU9,Y47,1.505636867,1.926169367,1.63147155,1.9744136,E,0.27027027,,2.371528,44,38,278
659,2RU9,Y6,0,1.030776417,0.452898509,0.57391864,C,0.531531532,1,1.725495,29,24,167
754,5KPH,Y55,3.946839718,1.89309539,3.763865275,3.6343193,E,0.022522523,,6.9807,49,60,355
770,5OAO,Y533,1.830333711,1.694621391,2.080897579,1.6336446,H,0.292792793,4,1.82211,59,39,271
812,6EWT,Y27,5.167848256,1.599734153,0.560184414,-0.045248445,E,0.418918919,,2.06753,57,39,296
