pdb,ResCode,res_type,CatBoost,exp,FoldX(delta_total_energy),Backbone Hbond,Sidechain Hbond,Van der Waals,Electrostatics,Solvation Polar,Solvation Hydrophobic,Van der Waals clashes,entropy sidechain,entropy mainchain,sloop_entropy,mloop_entropy,cis_bond,torsional clash,backbone clash,helix dipole,water bridge,disulfide,electrostatic kon,partial covalent bonds,energy Ionisation,Entropy Complex,SS,RelSASA,Position,AltPosition,Hairpin,Polar-short,Hydrophobic-short,Positive-short,Negative-short,total-short,Polar-long,Hydrophobic-long,Positive-long,Negative-long,total-long
1-P08877.pdb,S46,S,0.350319738,-0.7,-1.93838,-0.43591,-0.423172,-0.680117,-0.0270954,2.42343,-0.60956,0.0395348,0.156324,0,0,0,0,0.195444,0.569238,-2.57725,0,0,0,0,0,0,C,0.376923077,,,FALSE,12,2,0,0,27,45,34,0,0,122
2_kvfvpdeqkdekywtrrkknnvaakrsrdarrlkenqitiraaflekentalrtevaelrrrlsrlgnivskyetrygpl.pdb,S64,S,0.243590395,1,0.212169,0.610213,0.6315,-0.166355,-0.252573,-0.300919,-0.279268,-0.0447803,-0.00905465,0,0,0,0,0.0234054,0.0487379,0,0,0,0,0,0,0,H,0.623076923,54,4,FALSE,13,1,0,0,24,29,24,4,0,90
3_kvfvpdeqkdekywtrrkknnvaakrsrdarrlkenqitiraaflekentalrtevaelrrrltrlgnivskyetrygpl.pdb,T64,T,0.114109339,2.34,-0.0636466,0.5073,0.531235,0.336478,0,-0.806618,0.189509,-0.0235493,-0.576918,-0.2204,0,0,0,-0.000683921,-0.456186,0,0,0,0,0,0,0,H,0.626760563,54,4,FALSE,12,2,0,0,23,28,23,2,0,85
4_kvfvpdeqkdekywtrrkknnvaakrsrdarrlkenqitiraaflekentalrtevaelarrlsrlgnivskyetrygpl.pdb,S64,S,0.210666791,0.45,0.0790236,0.589822,-0.423269,-0.256644,-0.194146,0.539962,-0.186287,-0.0413407,0.0487472,0,0,0,0,0.00217867,0.194754,0,0,0,0,0,0,0,H,0.546153846,54,4,FALSE,13,1,0,0,24,28,21,3,0,84
5_kvfvpdeqkdekywtrrkknnvaakrsrdarrlkenqitiraaflekentalrtevaelrrrgsrllnivskyetrygpl.pdb,S64,S,-0.056848737,0.7,-0.372514,0.601658,-0.797713,-0.198642,-0.161967,0.0350922,-0.142603,-3.88E-05,0.0233113,0,0,0,0,0.268388,0.148567,0,0,0,0,0,0,0,H,0.507692308,54,4,FALSE,12,3,0,0,24,29,23,4,0,89
6_saaaaqraaaaragy.pdb,S1,S,-0.318703986,-0.6,-0.437275,-0.540424,-0.540424,-0.279447,-0.0640168,0.543886,-0.298632,-4.16E-16,0.162874,0,0,0,0,0.878023,-0.0221898,-0.299115,0,0,0,0,0,0,H,1,,,FALSE,6,2,0,0,14,14,8,0,0,36
7_Acsaaaaqraaaaragy.pdb,S1,S,-0.368047128,-1.6,-0.93465,-0.431983,-0.431983,-0.40977,-0.123972,0.702914,-0.4213,0.0930575,0.0421521,0,0,0,0,0.511108,0.181887,-0.464872,0,0,0,0,0,0,H,0.992307692,,,FALSE,9,2,0,0,21,15,9,0,0,41
8_Acasaaaaqraaaaragy.pdb,S2,S,-0.105499731,-2.3,-1.22468,-0.824236,-0.824236,-0.475803,-0.0881596,0.887154,-0.463919,0.325716,0.00822578,0.0590759,0,0,0,0.666129,0.17749,-0.494623,0,0,0,0,0,0,H,0.638461538,,,FALSE,8,3,0,0,21,17,9,0,0,44
9_Acaasaaaaqraaaaragy.pdb,S3,S,-0.091214809,-2.3,0.0290228,0,0,-0.01081,-0.02797,0.0538179,-5.79E-13,1.11E-16,0.013985,0,0,0,0,0,0,0,0,0,0,0,0,0,H,1,,,FALSE,4,0,0,0,8,5,1,0,0,11
10_Acaaaqraaaasaaaaragy.pdb,S10,S,0.114102016,1.2,0.300302,0.594,0.6315,-0.179415,-0.0884712,-0.145165,-0.220793,-0.040335,-0.225816,8.17E-14,0,0,0,-0.0103232,0.125003,-0.0148791,0,0,0,0,0,0,H,0.623076923,9,4,FALSE,12,2,0,0,23,26,11,0,0,65
11_Acyggasrsalaealmqlarqvsrla.pdb,S7,S,0.312097685,-1.15,0.206728,0.590894,0.6315,-0.24407,0.0486997,0.0163721,-0.241475,-0.0150358,-0.27738,4.74E-12,0,0,0,0.000902305,0.155591,-0.303679,0,0,0,0,0,0,H,0.469230769,4,3,FALSE,11,2,0,1,23,27,18,1,2,76
12_Acyggarrsalaealmqlarqvsrla.pdb,S7,S,0.02402556,-1.05,-0.152737,-0.00252267,0,-0.294462,0.0454388,0.251116,-0.272509,0.00457361,0.114395,0,0,0,0,0.00123504,0.163382,0,0,0,0,0,0,0,H,0.569230769,5,4,FALSE,11,3,0,0,24,26,20,2,2,78
13_Acyggarssalaealmqlarqvsrla.pdb,S7,S,0.095125846,-0.55,0.407028,-2.45E-12,1.63377,-0.365774,0.0766136,0.351198,-0.389673,1.66E-13,-0.719631,0.115769,0,0,0,0.00192853,0.145215,-0.297175,0,0,0,0,0,0,H,0.346153846,4,3,FALSE,12,2,0,0,27,29,19,1,2,81
14_rkvsvngkwiwq.pdb,S4,S,0.334130369,2.07,-0.300243,-2.45E-13,1.11E-15,-0.34371,-0.0730178,0.20819,-0.335221,0.0092564,0.17694,0.0538413,0,0,0,0.00347884,0.0514935,0,0,0,0,0,0,0,E,0.515384615,2,,TRUE,6,8,0,0,22,26,26,1,0,79
15_rwvtvngktisq.pdb,S11,S,0.125393515,0.4,0.0442267,-3.82E-13,0,-0.261582,0.0532354,0.0381296,-0.292592,-0.000169213,0.146033,0.454694,0,0,0,-0.0935216,5.95E-14,0,0,0,0,0,0,0,E,0.576923077,1,,FALSE,6,8,0,0,22,22,19,1,0,65
16_rsvwvngkliwq.pdb,S2,S,0.213096496,0.95,0.116459,5.93E-13,0,-0.332227,-0.13501,0.20549,-0.376224,9.35E-05,0.368328,0.413844,0,0,0,-0.0278351,0.00364596,0,0,0,0,0,0,0,E,0.569230769,4,,TRUE,7,5,0,0,19,23,31,3,0,84
17_rwvsvngkwilq.pdb,S4,S,0.294715547,1.55,-0.0765677,0.0108186,0,-0.32141,-0.0639691,0.144722,-0.308383,0.0835772,0.262596,0.131842,0,0,0,-0.0163616,0.030213,0,0,0,0,0,0,0,E,0.538461538,2,,TRUE,7,9,0,0,24,26,27,0,0,79
18-20_rwvsvngkwisq.pdb,S4,S,0.411105988,1.7,-0.306343,0.000994678,0,-0.352583,-0.0502751,0.20283,-0.347781,0.0288527,0.273172,0.125878,0,0,0,-0.187433,-9.37E-14,0,0,0,0,0,0,0,E,0.523076923,2,,FALSE,6,8,0,0,23,25,28,0,0,80
18-20_rwvsvngkwisq.pdb,S11,S,0.149988046,0.5,0.152169,-1.51E-14,0,-0.259104,0.000504213,0.138174,-0.280174,4.78E-05,0.153406,0.428458,0,0,0,-0.0291423,5.12E-13,0,0,0,0,0,0,0,E,0.684615385,1,,FALSE,6,4,0,0,17,20,23,2,0,68
21_rsvtvngktiwq.pdb,S2,S,0.278647256,1.3,-0.133094,4.44E-15,8.88E-16,-0.278699,-0.0941075,0.250775,-0.279573,3.89E-16,0.273035,5.51E-14,0,0,0,-0.0045252,-0.000408545,0,0,0,0,0,0,0,E,0.515384615,4,,FALSE,6,6,0,0,19,24,22,3,0,76
22_rsvtvngktivq.pdb,S2,S,0.020683417,0.31,-0.306811,-0.00298122,-3.22E-15,-0.362567,-0.125995,0.183091,-0.440418,-2.79E-14,0.363878,0.0774626,0,0,0,0.000718768,0.000712611,0,0,0,0,0,0,0,E,0.646153846,4,,FALSE,6,4,0,0,17,23,18,3,0,69
23_rtvtvngktiwq.pdb,T2,T,0.367046837,0.9,0.64683,0.0246461,0,0.4406,-0.00126958,-0.507021,0.579039,2.22E-16,-0.439447,0.553356,0,0,0,-0.00307385,0,0,0,0,0,0,0,0,E,0.514084507,4,,FALSE,6,5,0,0,19,24,23,3,0,78
24_ryvtvngktiwq.pdb,Y2,Y,0.137373098,1,-0.661366,0.0282577,-0.747291,0.120943,-0.0631223,0.12062,0.291494,-0.0134528,0.0574229,-0.453404,0,0,0,-0.00283362,0.012707,0,0,0,0,0,0,0,E,0.711711712,3,,TRUE,7,11,0,0,25,23,27,2,0,77
