uniprot,Mut_res,CO,P,IP,X,S,Source
Q16531,828,33.98522782,93,82,86,1294,0
Q05096,169,22.81393179,240,125,104,1128,0
P07379,235,30.7159745,0,96,8,738,0
P09436,620,33.51523589,793,54,64,1304,0
P09543,373,19.74979707,123,72,85,387,0
Q00872,1002,12.98225798,60,65,115,1104,0
P47929,107,19.66073926,24,68,61,75,0
Q9WTP5,205,11.28023343,19,40,42,603,0
O15537,166,17.36381986,4,121,3,77,0
P46926,74,17.6827633,73,63,116,220,0
P08263,147,12.66032579,1,52,18,189,0
Q15019,211,12.46729909,0,0,0,0,0
Q92643,69,16.02268245,20,99,79,356,0
Q04446,657,26.17044293,54,5,130,784,0
P27348,149,6.86688248,20,19,41,255,0
Q6QAQ1,294,20.28809539,14,83,62,376,0
Q9NQT8,150,23.23782876,49,137,78,1317,0
P68136,364,20.27314331,0,11,8,449,0
Q08257,106,19.27004219,54,13,81,279,0
Q941L3,333,20.37783858,0,30,18,632,0
P12277,39,20.85695297,0,27,8,437,0
O89053,25,21.91223495,405,25,124,437,0
Q6QAQ1,218,20.28809539,61,50,87,270,0
Q13232,69,14.84527662,0,0,0,0,0
P25787,76,15.36733805,111,59,93,189,0
Q9NWW6,142,16.88178319,13,60,34,170,0
Q2XVP4,272,20.39075079,73,80,66,451,0
Q8N335,309,14.78480303,203,29,98,417,0
Q9H2G2,21,12.50800118,0,0,0,0,0
P06732,140,21.46992317,121,122,169,369,0
P08559,242,23.91903834,224,135,159,322,0
P08559,227,23.91903834,0,0,0,0,0
Q9BUI4,440,13.25833333,0,32,8,511,0
P17858,385,28.71844166,0,56,11,929,0
Q6QAQ1,53,20.28809539,20,49,46,407,0
P11217,227,31.87136431,144,168,198,938,0
P61158,16,21.66916221,59,37,49,462,0
P08590,73,6.732804614,17,28,20,90,0
Q2XVP4,103,20.39075079,339,65,110,467,0
P61765,411,26.12674148,22,121,39,559,0
Q16851,298,22.61189184,0,0,0,0,0
P17540,159,20.80347594,213,65,112,416,0
P12277,279,20.85695297,163,51,67,405,0
P12955,128,22.04229757,25,59,21,523,0
Q8BL48,237,5.835006946,3,22,35,440,0
P08263,132,12.66032579,38,46,55,201,0
Q6QAQ1,240,20.28809539,0,0,0,0,0
P26639,298,18.33866567,121,16,105,858,0
P06732,125,21.46992317,215,73,120,417,0
P17540,368,20.80347594,31,62,44,399,0
P08621,126,5.278814324,21,47,31,147,0
P12277,125,20.85695297,134,62,63,411,0
Q6QAQ1,188,20.28809539,58,96,44,370,0
Q9NRF8,567,22.92313489,0,0,0,0,0
Q7L2H7,169,4.948144965,30,15,39,311,0
P35609,681,14.57952338,36,71,55,861,0
P62944,928,9.877437564,0,12,18,870,0
P09543,100,19.74979707,0,96,17,359,0
P21399,32,33.04760491,2,26,18,1133,0
Q00872,823,12.98225798,80,16,58,1112,0
Q8K4Z3,249,14.94874988,25,24,58,266,0
Q9BY11,440,10.26629108,55,10,21,343,0
P18434,231,15.96737137,42,85,105,176,0
P09960,384,18.86179205,33,89,73,725,0
P22307,204,25.13553969,0,167,6,544,0
Q8K310,809,4.967965764,0,0,0,0,0
P05023,55,25.35434976,0,0,0,0,0
Q9NQT8,154,23.23782876,64,72,125,1214,0
Q6PE15,75,12.58917622,0,0,0,0,0
P27348,19,6.86688248,27,13,34,251,0
P05023,260,25.35434976,166,34,66,1141,0
P18434,232,15.96737137,0,80,6,172,0
P00949,353,21.30181269,118,89,199,642,0
Q9BY11,264,10.26629108,0,9,6,345,0
Q9NWW6,151,16.88178319,0,42,12,184,0
Q11176,73,19.83146519,9,89,49,812,0
P62198,148,9.507968127,0,0,0,0,0
P11216,204,30.72644709,9,165,12,957,0
P16152,253,13.92081308,116,39,86,318,0
P49189,360,28.16492995,0,0,0,0,0
P69905,25,8.63003728,23,17,17,115,0
P05023,488,25.35434976,56,163,64,1015,0
P27348,128,6.86688248,34,27,49,247,0
Q6QAQ1,166,20.28809539,12,59,47,349,0
Q2XVP4,108,20.39075079,328,69,112,469,0
P62944,737,9.877437564,47,33,61,852,0
P22307,197,25.13553969,283,169,263,547,0
Q93050,364,30.60054235,11,44,43,747,0
Q13523,849,11.84643818,3,44,34,450,0
P68136,220,20.27314331,59,52,80,281,0
P31946,130,6.892595129,39,27,55,254,0
Q14677,21,3.2696793,22,0,32,140,0
Q00872,354,12.98225798,80,4,29,1051,0
Q6QAQ1,198,20.28809539,0,0,0,0,0
P25787,101,15.36733805,0,75,3,179,0
P60901,105,14.6839895,0,78,2,184,0
P24643,71,30.1302917,401,11,73,50,0
P48449,430,33.64798062,0,0,0,0,0
P02144,104,9.154182955,30,31,28,121,0
P61421,248,15.06489266,0,0,0,0,0
P09622,153,18.12819968,0,0,0,0,0
P35609,688,14.57952338,19,73,35,857,0
Q9DBL7,155,18.78384299,0,0,0,0,0
Q2XVP4,399,20.39075079,0,38,8,500,0
P06732,20,21.46992317,0,0,0,0,0
P11217,76,31.87136431,0,47,11,1044,0
P08237,103,27.88735197,18,65,76,908,0
P09543,110,19.74979707,16,97,70,359,0
P11217,473,31.87136431,36,97,77,993,0
Q63537,140,12.22660099,13,48,45,344,0
P05023,542,25.35434976,0,170,7,997,0
P11217,732,31.87136431,21,125,31,966,0
P59665,80,3.066805846,8,11,6,14,0
O43639,50,7.953556324,12,18,23,318,0
P17427,477,9.142761037,0,19,11,921,0
P68136,168,20.27314331,13,59,42,356,0
P11217,186,31.87136431,0,0,0,0,0
P21856,339,32.01744862,203,43,199,125,0
P45954,198,14.94397792,58,110,100,387,0
P68136,71,20.27314331,9,48,17,412,0
O60547,323,18.02450353,66,31,106,255,0
P21575,563,20.14662766,10,110,19,655,0
Q9UNZ2,167,6.73649281,7,10,1,219,0
P11216,197,30.72644709,23,143,25,954,0
P08263,49,12.66032579,1,41,6,203,0
Q96JJ3,48,11.29410751,32,23,39,740,0
P52758,21,10.74519427,0,0,0,0,0
P62149,100,4.642557652,31,12,16,131,0
P02730,359,26.80502135,0,0,0,0,0
O75521,285,11.20605293,6,75,81,351,0
O14958,178,10.22217072,14,76,58,324,0
P78352,240,13.94586503,75,9,10,532,0
P60843,48,18.55735629,0,32,9,430,0
Q07866,449,4.718032315,0,0,0,0,0
P05023,684,25.35434976,11,125,26,1043,0
Q04837,99,9.883002208,0,33,6,66,0
Q6QAQ1,91,20.28809539,0,46,14,404,0
P25787,57,15.36733805,0,0,0,0,0
P02607,89,6.683159722,0,6,5,133,0
Q92598,643,20.32348396,0,16,16,841,0
P42412,235,27.78617011,5,99,48,559,0
P41567,30,7.576846307,63,5,20,37,0
P15880,133,11.184205,26,20,35,169,0
P68136,171,20.27314331,1,87,5,375,0
Q05158,183,3.687959398,0,0,0,0,0
P83917,173,4.912606208,0,0,0,0,0
O54724,310,1.818110579,0,0,0,0,0
Q8BH64,458,17.52999514,0,17,10,511,0
P20231,97,21.77884615,0,0,0,0,0
Q28641,1378,14.03263626,0,2,5,1944,0
Q9JM80,314,1.334024896,0,0,4,40,0
P61158,202,21.66916221,88,82,42,415,0
P62799,89,3.297878788,16,5,10,51,0
Q6XQN6,21,27.39749518,92,10,85,583,0
P25787,24,15.36733805,86,4,72,251,0
Q28641,1350,14.03263626,0,2,9,1947,0
Q9JM80,351,1.334024896,0,0,0,0,0
P11064,132,13.17010786,0,0,0,0,0
P59665,85,3.066805846,0,0,0,0,0
P07872,629,24.87513915,0,6,8,798,0
Q15459,456,4.400515813,0,0,0,0,0
Q15019,17,12.46729909,0,0,0,0,0
P19352,261,2.134700404,0,0,5,229,0
Q63HR2,654,11.0243302,0,0,0,0,0
Q63HR2,483,11.0243302,0,0,0,0,0
Q2XVP4,357,20.39075079,85,77,118,411,0
O14802,1151,27.05608758,21,142,22,1211,0
Q8NBF2,403,20.95202145,31,73,84,818,0
O15117,571,3.320201005,0,0,0,0,0
Q9NR45,71,15.16293109,0,0,0,0,0
P36543,56,5.686486486,0,0,7,195,0
Q5QNW6,43,2.575476429,0,4,5,62,0
P06732,14,21.46992317,15,6,25,442,0
Q28641,1491,14.03263626,0,4,8,1946,0
O43353,381,11.4569972,0,0,0,0,0
Q9JM80,183,1.334024896,0,0,0,0,0
Q15459,393,4.400515813,0,0,0,0,0
Q14160,834,9.209402587,0,0,0,0,0
Q7Z2W4,348,10.97316758,0,0,0,0,0
Q28641,1855,14.03263626,0,4,9,1945,0
Q63HR2,673,11.0243302,0,0,0,0,0
Q28641,819,14.03263626,0,8,9,1941,0
Q93050,214,30.60054235,4,158,5,639,0
P61421,270,15.06489266,18,58,30,313,0
P52597,246,9.285963979,0,0,0,0,0
P62193,439,9.134285137,0,0,0,0,0
P17540,255,20.80347594,0,0,0,0,0
Q96GA3,357,2.995883585,0,0,0,0,0
Q8K310,597,4.967965764,0,0,0,0,0
O15537,165,17.36381986,21,118,39,87,0
Q04837,73,9.883002208,0,0,0,0,0
Q96A72,42,10.09983897,0,0,0,0,0
P19352,162,2.134700404,0,0,8,230,0
Q9H0R4,168,14.27839445,24,47,35,229,0
P32851,235,7.227569402,0,0,9,267,0
Q28641,1646,14.03263626,0,4,5,1942,0
Q9JM80,409,1.334024896,0,0,0,0,0
P02686,203,1.503104693,0,0,0,0,0
O43741,189,5.68046816,0,0,0,0,0
P97457,158,5.045657568,8,3,27,128,0
O54724,158,1.818110579,0,0,0,154,0
Q9JM80,224,1.334024896,0,0,0,0,0
Q96GA3,361,2.995883585,0,0,0,0,0
Q96HN2,156,15.69412429,0,0,0,0,0
O15145,47,14.77368931,26,49,54,159,0
O14958,282,10.22217072,0,55,9,334,0
P08621,430,5.278814324,0,0,0,0,0
Q9BRL6,190,6.181311208,0,0,0,0,0
P02686,148,1.503104693,0,0,0,0,0
O15264,182,21.1377433,0,0,0,0,0
P61604,76,10.18991649,0,0,0,0,0
Q2XVP4,282,20.39075079,0,0,0,0,0
P38606,579,20.89467564,12,26,21,687,0
P62207,306,17.93625076,0,0,0,0,0
P02679,448,14.82236534,0,0,0,0,0
P55795,276,8.320192664,0,0,0,0,0
Q13573,407,2.68525008,0,0,0,0,0
O43639,110,7.953556324,0,0,0,0,0
P00505,96,23.20800324,285,46,42,434,0
P02686,261,1.503104693,0,0,0,0,0
Q92598,846,20.32348396,0,0,0,0,0
P00519,Y393,9.107976253,25,38,73,585,1
P19174,Y1253,43.16182506,0,0,0,0,1
P10721,Y823,16.08858569,20,56,67,917,1
P43405,Y348,18.12461212,293,40,166,657,1
P04626,Y1248,12.94794539,122,1,73,940,1
P12931,Y530,14.67938118,359,5,79,134,1
P08581,Y1235,23.26371085,13,48,46,1359,1
O60674,Y1007,18.30319244,20,33,24,1209,1
P06241,Y420,14.4275959,140,46,77,489,1
P06239,Y505,14.06730669,347,5,74,144,1
P43403,Y319,16.61437365,59,42,64,638,1
P15498,Y174,14.0554803,164,27,46,876,1
Q06187,Y551,13.82231116,14,43,58,674,1
P29320,Y596,13.37224835,131,6,87,885,1
Q06124,Y542,20.55194834,0,0,2,682,1
P06213,Y1185,18.06244838,0,50,1,1352,1
P46109,Y207,8.309950739,0,0,0,0,1
Q05397,Y397,14.74017176,344,11,42,498,1
P35968,Y1175,18.30965579,0,0,0,0,1
P29317,Y772,14.09831021,2,42,7,958,1
Q04912,Y1353,21.18867499,0,0,0,0,1
P07948,Y508,14.4141152,369,5,82,124,1
P00533,Y1197,13.5364465,0,0,0,0,1
P40763,Y705,12.22806121,0,0,0,0,1
P09619,Y857,16.16299512,214,73,124,913,1
P35568,Y896,8.934109795,0,0,0,0,1
